279134|1-mxCXeydlaP|3|1.0||pipe|other
2775126|1-uSBLLL9XsE|100|1.0||account|other
3224851|1-BZbaClYwTv|1|1.0||book|other
4380758|1-TY4BbyG7dl|1|3.5|g|mdma|mdma
2477808|1-BR33UAdc6G|1|1.0||hotel|other
2251671|1-Mb3e4hgXxe|1|1.0||clock|other
1664020|1-TKKnpqP6XS|1|7.0|g|kush|weed
1800383|1-S9hjTviZfZ|50|10.0|mg|valium|benzo
53528|1-LmfVxLgvKr|4|100.0|mg|sildenafil|script
784402|1-UYFa5iqD2U|1|30.0|g|ganja|weed
3564388|1-GsVsUWbl9D|100|10.0|mg|valium|benzo
160413|1-dKXWqNGm5M|1|1.0||book|other
311946|1-Yt4FGiPGpd|15|220.0|mg|mdma|mdma
470946|1-xEZpmMmB9p|60|20.0|mg|ritalin|stim
3999666|1-P4sXqEDSAd|10|200.0|mg|modafinil|stim
1839626|1-kJVfhr1t0Z|1|1.0||hotel|other
2357107|1-ippbabqYDp|1|1.0||guide|other
828217|1-LDf0SSctop|1|1.0||fake|other
2614008|1-KBgecumCPr|1|28.0|g|mda|mdma
2208043|1-dTJwn7MWwp|1|16.0|oz|mushrooms|psy
905693|1-E44Dtv8Tci|1|1.0||cash|other
3683189|1-StNxKdhMrB|1|100.0|g|mdma|mdma
886203|1-iN59pp2vzR|500|100.0|mg|mdma|mdma
107193|1-Cyl8xYx4UY|1|2.0|g|meth|stim
2799786|1-jE4pMLLzZX|1|1.0||watch|other
4614113|1-wLbt1zuzly|1|7.0|g|cocaine|stim
1640199|1-U4ovRFDaSy|1|3.5|g|meth|stim
3502939|1-chFBZGKhm0|1|1.0|g|ketamine|dissoc
4002949|1-g5ywc5YT8X|1|14.0|g|crumble|weed
3808533|1-nVuzNs1Wfa|1|1.0||fake|other
4466882|1-gww0YVLLvp|20|2.0|mg|klonopin|benzo
613089|1-m2XaLaer1N|1|1.0||seed|weed
341223|1-rRSvez5lS6|1|4000.0|mg|lsd|psy
3192946|1-PZZaNExEUX|1|84.0|g|cocaine|stim
17534|1-G6a5TJKRt1|3|1.0||menotrophin|ped
3519879|1-wZBNxremsn|100|1.0||cash|other
2368625|1-vEVWiTwVnA|10|150.0|ug|lsd|psy
2396330|1-lzEUrtnYhz|100|10.0|mg|dianabol|ped
4123431|1-kpv2WoE08o|1|50.0|g|weed|weed
598763|1-GD4CmhMSyd|1|50.0|g|amphetamine|stim
997953|1-AkPB7CsiP8|1|28.0|g|php|stim
3352785|1-lNDZtTiYu1|1|1.0||guide|other
3043305|1-git8liTwPy|1|1.0||guide|other
1934488|1-PyAVoeDJCE|1|1.0||paraphernalia|other
615201|1-DKv694bNhJ|1|1.0||cc|other
1442555|1-NXiqYuXYYu|1|7.0|g|meth|stim
2386923|1-ZEUV7BWCb4|1|2.0|lb|weed|weed
840810|1-odgWA1vmpC|1|1.0|kg|weed|weed
3877089|1-qx3Etkqbb2|1|1.0||porn|other
2906333|1-Xwys1u5m4T|1|3.5|g|weed|weed
3655840|1-yDu1iZWbVA|1|1.0||guide|other
2660508|1-GLmlCh8Myk|1|500.0|mg|alprazolam|benzo
4472955|1-xB90SjJX4J|1|500.0|mg|oil|weed
4611737|1-NgJqMLppbu|1|10.0|ml|propionate|ped
2770906|1-Rwef0iLWAM|1|1.0||custom|other
3782873|1-DREi4jAayh|1|113.0|g|weed|weed
3272300|1-V0kgXle79k|1|1.0||paraphernalia|other
4150074|1-cg1oAxzbd1|1|1.0||book|other
2022868|1-BMpRzhFY7V|10|500.0|mg|solpadol|opiate
1421165|1-eaMUhaSu99|1|1.0||watch|other
605450|1-hwy05F2t8t|1|14.0|g|cocaine|stim
1330626|1-GUrPtErvnz|1|14.0|g|cocaine|stim
2378076|1-tazifB2GDb|1|1.0||fake|other
960706|1-EzpX7vkm0T|250|160.0|mg|mdma|mdma
1570089|1-fLZw9kMSg2|5|140.0|ug|lsd|psy
3395846|1-i7WlK7yfft|1|1.0||guide|other
1175348|1-ceZ7ZA6tra|50|2.0|mg|xanax|benzo
4126182|1-UTpJTt73zN|1|30.0|mg|codeine|opiate
2692285|1-jihmG8NXw2|1|5.0|g|akb|misc
660766|1-R87dc3F5Pn|1|7.0|g|weed|weed
4431410|1-DDWUFcoDRz|1|1.0||netflix|other
1020964|1-Pp8d64vE8c|1|226.0|g|weed|weed
4163133|1-zgsrZ3g9xb|1|0.2|g|meth|stim
2694855|1-wXaY0xYdGT|50|75.0|mg|mdma|mdma
1088140|1-F0XLiPXcLa|750|10.0|mg|ambien|misc
3303049|1-kYg4kAbVk2|1|7.0|g|weed|weed
3667568|1-U6rCXk5JFB|1|1.0||hacking|other
3942414|1-iafZ7zJqWh|20|200.0|mg|modafinil|stim
1759723|1-BxbGl6WCBt|1|1.0|g|meth|stim
2458275|1-qgZDwFzJc3|1|1.0|g|heroin|opiate
1857992|1-WgX2yCXhBk|50|120.0|mg|amphetamine|stim
3001926|1-uvYKmVEoVG|1|1.0|g|heroin|opiate
3538799|1-X6mDaZ3F8n|100|150.0|ug|lsd|psy
1351319|1-CBgUjEqu0t|1|5.0|g|weed|weed
4529813|1-deBj8NRl4B|1|5.0|g|heroin|opiate
1369063|1-kg5TBhUYLe|1|1.0|g|heroin|opiate
3108255|1-lux0Xp7hrS|1|2.0|mg|clonazepam|benzo
1373540|1-VkciFCrrdJ|1|28.0|g|cocaine|stim
2275638|1-vssYotEXsW|100|100.0|mg|ecstasy|mdma
4149632|1-o9AkLmcnF6|1|1.0||fake|other
175641|1-nZ95CSfpwu|1|1.0||paraphernalia|other
2007977|1-S0Gd4aDzC3|200|2.0|mg|xanax|benzo
3034147|1-bCCq8Fk2M2|1|1.0||book|other
3401950|1-NjAi82EuEu|1|28.0|g|weed|weed
2408374|1-vXlRjpCS9f|1|7.0|g|weed|weed
3616463|1-zKb6sYM2um|1|1.0||guide|other
2909976|1-Lr4eXZXyvw|1|1.0|oz|wax|weed
1668479|1-U0igBoNvoF|10|160.0|mg|mdma|mdma
278263|1-RRj8G2bJLq|1|5.0|g|25c|psy
1280432|1-WLdvfSCrkJ|1|1.0||guide|other
2115684|1-jfginCb6LX|1|1.0||guide|other
744424|1-tkfS52gVpY|1|10.0|g|cocaine|stim
3200929|1-e9gyfB8Z25|500|110.0|ug|lsd|psy
489791|1-UbixD5Fx58|1|1.0||hacking|other
2123922|1-hJCCfbXJYu|10|125.0|mg|mdma|mdma
3808668|1-kxkFbf0zP3|1|1.0||watch|other
3837219|1-j0k2Dymd45|100|10.0|mg|diazepam|benzo
1929180|1-acNnefiETh|1|1.0||book|other
1514776|1-U2CPf03Vv5|10|20.0|mg|adderall|stim
4289555|1-gV2ERJ5lM7|1|1.0||fake|other
4158904|1-h2m1mnypVW|250|200.0|mg|tramadol|opiate
2180249|1-n7a4peXAaW|1|1000.0|g|mdma|mdma
3342195|1-xAiuTa450U|1|1.0||guide|other
1890272|1-tcCg1VJLP5|1|70.0|mg|chews|weed
2803545|1-sqxqehLcwL|1|10.0|g|mdma|mdma
1342210|1-XuezLz6ASK|5|30.0|mg|adderall|stim
1628858|1-yDE2PLXfo2|1|1.0||guide|other
3701241|1-MLyRTKt5ry|100|10.0|mg|valium|benzo
898825|1-eZR5c5VpE7|400|1000.0|ug|25c|psy
2311498|1-N48wANDJ3k|1|224.0|g|weed|weed
2544118|1-idRodF1Egd|1|0.5|g|cocaine|stim
2461196|1-V6T4JxcEPm|1|3.5|g|cannabis|weed
2460405|1-pn10TU6ZuS|5|100.0|mg|mdma|mdma
467725|1-LPkXqeU3FE|1|5.0|g|weed|weed
4310300|1-Rpz1YgK3Tc|1|1000.0|mg|meth|stim
3498621|1-UllJ1fJVCS|1|100.0|mg|methenolone|ped
757970|1-KD8vqiVALE|100|25.0|mg|promethazine|misc
1645764|1-hBuYwha6BL|5|2.0|mg|xanax|benzo
1002639|1-LLNDqaqWE6|1|1.0||cash|other
4069299|1-J1j25DFaeu|1|25.0|mg|lsd|psy
4195080|1-MAuJ3WVrVk|1|7.0|g|weed|weed
2069093|1-TSqd6n8ypL|1|1.0||paraphernalia|other
651134|1-x1j7lhLlhS|1|1.0||custom|other
2571908|1-FCWuVsp5ZD||||fake|other
433943|1-sZWaMf3Zz1|100|10.0|mg|methandrostenolone|ped
523557|1-z8rqGusBdM|1|7.0|g|weed|weed
3731580|1-qpVYhxr7dz|1|1.0||bitcoin|other
3578656|1-Zv3FavvXJd|2|40.0|mg|buprenorphine|opiate
617913|1-zmCssmP9Z7|12|1.0|g|oil|weed
3941993|1-zbx5sY9TYo|1|100.0|g|mdma|mdma
240834|1-AEAwmSEGw9|90|20.0|mg|prozac|script
2548927|1-An7zaXccMq|4|5.0|mg|dexamphetamine|script
3299627|1-AwGx5AXS52|1|1.0||digital|other
1950355|1-LFSKERUXbX|1|1.0||mushrooms|psy
1498932|1-ZiMyLAgsGY|1|500.0|g|methiopropamine|rc
4612310|1-rKALbUEsLd|1|1.0||id|other
2409243|1-JiS7qLcoib|1|1.0||guide|other
3666892|1-E0xZAAAjsf|3|20.0||2c|psy
3549724|1-TaCow7Yhde|100|200.0|mg|modafinil|stim
271525|1-Ki45enSiBd|1|2.0|g|weed|weed
3683134|1-pfRSSb4VKp|2000|20.0|mg|cialis|script
1408862|1-r3fC1ZFZ0u|1|50.0|g|amphetamine|stim
3497810|1-TluWqriBvm|1|1.0||guide|other
4552916|1-Mf9rlSL8GY|10|20.0|mg|viagra|script
145875|1-izTopRJnid|1|1.0||guide|other
3186759|1-j3omTNdMYa|500|260.0|mg|mdma|mdma
382381|1-bo14gwxG5G|10|185.0|ug|lsd|psy
3683939|1-CS7cFf7hVm|1|1.7|g|heroin|opiate
219260|1-faRkng8ZS2|1|1.0||hacking|other
2128862|1-tBdCYpx103|1|1.0||guide|other
1741382|1-VB5eLe6vJt|1|1.0||porn|other
680873|1-NAEbiwNdDo|1|1.0||hacking|other
2032162|1-DZc6AugPS7|1|1.0||guide|other
4953|1-sCksdfenqh|100|2.0|mg|eszopiclone|misc
1489554|1-oK4ZZKYwMe|500|120.0|mg|xenical|script
503681|1-d0ChsGxkaS|1|1.0|kg|25|psy
245189|1-SqW15yueqp|1|100.0|mg|propionate|ped
806961|1-nevKLcUiaF|1|100.0|g|weed|weed
1492917|1-DCXEnEwAkq|1|1.0||fake|other
327396|1-Zdc96sdDz1|100|120.0|mg|triacana|ped
2168330|1-ti8BMF95aK|2|180.0|mg|mdma|mdma
2081034|1-csY0XWcb3b|1|7.0|g|weed|weed
4630523|1-ZjbhpqWzAE|1|1.0||porn|other
3085435|1-xFr9TBur9h|1|1.0||porn|other
2829660|1-vnhGDGoRea|1|4.0|g|apdb|rc
1240925|1-icMGG3dAGE|1|1.0|g|hash|weed
3399153|1-hluFVxLCPf|1000|2.0|mg|clonazepam|benzo
3469338|1-eNsPk7p3gD|10|240.0|ug|lsd|psy
4340388|1-KVbKhjvXFe|1|1.0||watch|other
475202|1-WryUKRunsa|25|2.0|mg|xanax|benzo
290483|1-NXPZqvh1EM|1|5.0|g|amphetamine|stim
4402639|1-wxGVCmyjyS|1|1.0|oz|cocaine|stim
3522946|1-gSiA0zeplV|1|50.0|mg|25|psy
253204|1-E93Bw1KgTC|1|1.0||digital|other
3635591|1-kjKn1ezKkZ|1|1.0||digital|other
2905586|1-oj8yoJitWb|1|1.0||watch|other
4328869|1-tXiz5B9g85|100|1.0||custom|other
232434|1-mDjBEzzzbh|1|||digital|other
2601354|1-ghYxoMcw6N|1|500.0|g|fa|rc
1978394|1-zjq9BsBVjL|15|185.0|ug|lsd|psy
1285273|1-pwVGLjqLgY|1|1.0||cash|other
3925160|1-j2k2mKaYrT|1|1.0||digital|other
4046139|1-lUDSvaMnhA|1|1.0|g|cocaine|stim
3898177|1-d3zCt34bpE|1|25.0|g|diphenidine|rc
2525132|1-pmaSYsvF0y|1|1.0||watch|other
761796|1-PJvtKN1Xsd|1|14.0|g|pvp|rc
2387618|1-Zk3oWzvBnm|1|227.0|g|weed|weed
3471261|1-uqUKWPmPqd|1|25.0|g|dmt|psy
3404803|1-zifjxlrSAG|1|1.0||book|other
2317905|1-bue7nX3cfD|1|1.0||paraphernalia|other
2089950|1-m3R66uFEJm|100|||vigor|misc
4239478|1-U1sb0WMDtM|100|2.0|mg|xanax|benzo
4175055|1-Beyy15puFe|11|2.5|mg|oxycodone|opiate
236167|1-pG27o9ybiA|1|3.5|g|cocaine|stim
148438|1-iabZDYgfS4|1|112.0|g|mdec|mdma
3323859|1-ZRNrr7gtcX|1|500.0|g|mdma|mdma
2771259|1-KbwUMFCBda|3|150.0|mg|ecstasy|mdma
3314183|1-D1vzGTENin|1|1.0||porn|other
2437807|1-U4TuUYTiu9|1|1.0||guide|other
2178157|1-TaKiaooU7g|1|1.0|g|heroin|opiate
371254|1-dBwwm5FhYn|1|500.0|g|weed|weed
2789089|1-B4JZ9FueY0|1|1.0|mg|alprazolam|benzo
1022640|1-Lyvd1lCMvo|15|5.0|ml|boldenone|ped
2850792|1-FFZpVURmfp|1|0.5|g|meth|stim
4414153|1-S7oAx00ljn|1|1.0||guide|other
2088333|1-rfeqK06NBM|25|200.0|ug|lsd|psy
935900|1-yUcvu9E3mu|1|1.0|g|cocaine|stim
4058121|1-qwe4cxPdle|1|1.0||watch|other
307132|1-gn4fctDU81|1|1.0||hotel|other
4188862|1-ejn5dc4qsx|1|1.0||book|other
2010496|1-us0jM5l2UM|1|5.0|g|mephedrone|mdma
475137|1-XS4kDAkEPC|1|1.0||guide|other
3754768|1-nm5ju9nGYr|10|20.0|mg|adderall|stim
1946910|1-f5v5jfYioe|1|10.0|g|meth|stim
2413030|1-mfBVdJT90h|1|1.0||guide|other
2829653|1-q7qfo2SEsj|1|1.0||guide|other
4380293|1-aul1h4GFfo|1|1.0||book|other
1306846|1-cigmUdqnKL|1|30.0|g|propionate|ped
117666|1-ynk6JnRdvd|5|1.0||seeds|weed
3729902|1-oigleMbzNj||||adderall|stim
1856883|1-j30ShoKafF|1|1.0||book|other
145263|1-SdVX8hf9qc|1|250.0|g|ethylphenidate|stim
3782530|1-h3npPBAx9W|1|10.0|g|cocaine|stim
469948|1-NkAvK5oFmB|1|5.0|g|weed|weed
2172726|1-wPD9E7Sv9S|100|50.0|mg|tramadol|opiate
839131|1-D5ssg3vR2P|10|30.0|mg|morphine|opiate
4034717|1-oV6LhCS97i|1|1.0||guide|other
2844232|1-lzmmZw7rqj|50|100.0|mg|ecstasy|mdma
4231004|1-mFZLbBdnAX|10|1.0||edible|weed
128277|1-zUW2lqc23P|1|250.0|mg|testoviron|ped
2911859|1-J9lCL4nu2b|1|1.0||digital|other
1754239|1-jSugF67Sp4|8|0.5|mg|etizolam|benzo
493535|1-Sx5UiAMWAK|1|200.0|mg|weed|weed
3601379|1-d9jG5Y0stb|1|100.0|g|nandrolone|ped
593026|1-WVbKelSeBW|50|1100.0|ug|25|psy
2776859|1-qpPS5EVDL4|1|2.0|g|2c|psy
1093781|1-E1Xa0oT2ND|30|200.0|mg|celebrex|script
804996|1-URRv2nokkZ|1|2.0|g|shatter|weed
2345897|1-XKhZcreyAD|1|1.0|g|mbdb|mdma
1287939|1-NvhU5GAtGz|1|200.0|cigarettes|cigarettes|misc
3520283|1-i8YGWtohdy|1000|1.1|mg|xanax|benzo
38502|1-Kz6mTWtafY|1|100.0|mg|kamagra|script
4197308|1-VP5xeegRoA|1|1.75|g|meth|stim
3466971|1-dxxn9Wwx2L|1|30.0|mg|oxycodone|opiate
4314078|1-clDSXNrh52|1|1.0||porn|other
1033851|1-pWiSP8A30D|1|1.0||fake|other
260077|1-s1XsoKWxwL|1|1.0||guide|other
2334903|1-bJLcpjWMXD|1|5.0|g|weed|weed
2158523|1-ZxzfAhUPra|1|1.0||custom|other
350259|1-ftTjg8qeeS|200|30.0|mg|pseudoephedrine|script
4096527|1-mjRl0GKT8m|1|250.0|g|amphetamine|stim
4522593|1-qyRs6x8y9B|500|100.0|ug|lsd|psy
12802|1-cTAfjxS1RJ|18|3.5|g|mdma|mdma
2000774|1-lTDRb6Jahg|1|1.0|oz|weed|weed
3221887|1-uJLehkKopU|1|185.0|ml|enanthate|ped
3266203|1-JXDCSFND4G|25|180.0|mg|mdma|mdma
454421|1-nWVSrZVn1a|1|1.0||custom|other
11457|1-FD0dTePTqx|50|2.0|mg|clonazepam|benzo
3190972|1-iCPlnxd8oL|1|10.0|g|heroin|opiate
1758841|1-nY2yzKngFc|1|1.0||book|other
383801|1-UsNt3upw7M|1|4.0|g|mdma|mdma
195550|1-dDz4J2C6V7|200|1.0|cigarettes|cigarettes|misc
2663980|1-ErNwyczguw|100|10.0|mg|ambien|misc
978237|1-KXGeSDaytw|100|20.0|mg|tadalafil|script
1376494|1-mUZN8RAYKb|1|2.0|mg|buprenorphine|opiate
2716914|1-bUTGuKSswq|1|1.0|g|oil|weed
2063868|1-TknhqxAsm4|120|1.0||websites|other
2444936|1-AcbYtqvNMw|10|150.0|ug|lsd|psy
4413721|1-TnGoqwjgYR|1|1.0||guide|other
3588114|1-tMR8VzZ2ZP|1|10.0|ml|testosterone|ped
61392|1-eyFrn2K1DY|60|120.0|mg|xenical|script
152591|1-vCbJA6eY9P|100|2.0|mg|clonazepam|benzo
4520584|1-sqwfhDqT6t|1|4.0|oz|weed|weed
3942445|1-Zqq2oKfA9f|10|5.0|mg|dexamfetamine|script
800071|1-zpqYCbP5YM|1|250.0|mg|cocaine|stim
710460|1-kZuzJBYLjN|1|1.0|g|mdma|mdma
1113543|1-EoZKm9uZFg|1|5.0|g|cocaine|stim
3106522|1-EF0KxbzMUK|1|200.0|mg|heroin|opiate
2156310|1-BaLPr4C8NV|1|1.0||info|other
2005625|1-NUbBtJkpMj|1|1.0||virus|other
3614675|1-FUqnWc2iy9|1|1.0||porn|other
4602082|1-hzv1odLxqk|1|14.0|g|weed|weed
638248|1-LAP8ej3hJA|1|2.0|oz|weed|weed
743244|1-AxpXCf55fv|1|1000.0|g|mdma|mdma
3074990|1-N78CTddRSL|1|113.0|g|weed|weed
3580963|1-s1ce16cZuf|1|1.0||info|other
3237847|1-DZFsVnyhFU|1|1.0||book|other
3645352|1-utVKiE7GYq|1|50.0|g|weed|weed
2716916|1-scmR57zyVD|1|1.0||sand|other
4084153|1-YqEk6yBDfs|1|1.0|||other
263556|1-FwUmharbZz|1|1.0|g|heroin|opiate
2784600|1-YeiChTGSN2|1|1.0||book|other
358703|1-KvSYXppsEy|1|500.0|g|weed|weed
2658602|1-VAJoBJoupY|1|1.0||book|other
656520|1-GBtZfD0ivw|10|230.0|mg|mdma|mdma
847563|1-cCnymBu0Ru|1|1.0|s|stash|other
3335879|1-tsPL248ANv|1|1.0||book|other
4405372|1-AFKfowAN7r|1|2.0|g|amphetamine|stim
1852576|1-mNmy87SsVr|1|1.0||book|other
2194525|1-N4v8pDYLwB|5|100.0|mg|mdma|mdma
2075|1-JcwDYNrDVx|1|1.0||custom|other
2067896|1-tf8jf2gDki|1|14.0|g|weed|weed
3520140|1-R3oCZyAFd3|1|14.0|g|mushrooms|psy
1278088|1-JwoCvTtgRS|1|100.0|g|mdea|mdma
1534546|1-n0r4kEXMaX|450|220.0|mg|mdma|mdma
3986301|1-hBsgjhvVLy|100|20.0|euro|currency|other
852331|1-PFa9zMv08W|1|1.0|software|software|other
1479252|1-E5NjABJBLh|1|1.0||book|other
1258522|1-iTjElqnWan|1|1.0||book|other
3639571|1-RkFgDSfLY3|1|5.0|g|weed|weed
2930987|1-avcZfFFZGe|1|1.0||book|other
1232100|1-KRpNnZTf8J|50|140.0|mg|mdma|mdma
1999416|1-X8NY5fzRlK|1|2.0|g|weed|weed
371998|1-hXxqMfFjj0|1|4.0|oz|weed|weed
942810|1-h4TzKovis3|1|200.0|g||other
3119061|1-R2rYbzfddj|5|220.0|mg|mdma|mdma
2488342|1-tFwwEN6FUb|1|1.0||fake|other
2204427|1-veDDggn9jB|5|10.0|mg|methadone|opiate
864221|1-k0ycw9MCwJ|1|16.0|g|opium|opiate
285521|1-Xc8GoN72Rn|10|1.0|seed|seeds|weed
1427803|1-Cckp4xVnpv|50|200.0|mg|modafinil|stim
4641810|1-t0tKlvELda|1|10.0|g|mdma|mdma
2447947|1-f83wbLiyF0|500|1.0|||other
3597676|1-w7RhdCr0qX|1|10.0|g|25b|psy
1900578|1-nKhjq5UsCW|1|1.0|btc|btc|other
1957480|1-xye5ZuGUCF|100|130.0|mg|mdma|mdma
3145168|1-WEJcm0bTDd|1|1.0|g|mxe|dissoc
3894715|1-eAzxlDiNM7|1|1.0||shipping|other
3133804|1-b0T0Ppec6R|1|500.0|g|ethylone|mdma
3143890|1-q1CPDgduEs|1|45.0|g|mdma|mdma
3305141|1-pZgRjkrGhD|1|1.0||id|other
492637|1-mz47MgD9KT|100|100.0|ug|lsd|psy
3758139|1-P6Sy9kFFUY|1|1.0||info|other
658812|1-KyyZYbyMJN|2|225.0|ug|lsd|psy
91764|1-SubuorWJvM|1|100.0|mg|meth|stim
4505394|1-En70FzdBaU|1|1.0||card|other
436585|1-Aq8MoZLEGo|1|1.0||fake|other
1017493|1-PvqExj8kN4|500|220.0|mg|mdma|mdma
2111114|1-U8nPzJsuKa|3|1.0|seed|seeds|weed
1063263|1-wyrLYsKNXF|1|1.0|oz|weed|weed
1289758|1-TMNxvLwmZr|5|185.0|ug|lsd|psy
1859363|1-uVclRqpiBu|2|1.0|lb|weed|weed
2064524|1-ZMhVX5kv3q|1|50.0|g|caffeine|misc
4262570|1-NuXDaTp4Bb|1|1.0||book|other
3199079|1-GijnLi1fu8|1|1.0||book|other
3172045|1-wq8z20Vj3P|1|1.0|g|wax|weed
3235018|1-xcbNWignwV|1|1.0|g|mdma|mdma
4063946|1-iW8U7EWdma|1|1.0||fake|other
2189556|1-u02NsRb1JU|1|14.0|g|4-fa|rc
4437258|1-NoBJthlL9v|1|250.0|mg|heroin|opiate
1243911|1-nKT9EblYrZ|1|10.0|g|cocaine|stim
1187524|1-xsnjgbRZLv|1|10.0|g|weed|weed
2592055|1-slKW4lVStp|5|150.0|ug|al-lad|rc
32019|1-pa2XzyvVuF|1|1.0|g|wax|weed
1231145|1-SLuZMvZEhB|1|200.0|mg|cialis|script
2731516|1-yoVv05paqA|2|500.0|ug|25|psy
1537789|1-o20s66G0iE|1|100.0|g|apdb|rc
1118475|1-F4GozbpKKi|1|1.0||book|other
3121044|1-hWiSnGGJgk|1|1.0||book|other
149592|1-R6nP6vDTc6|1|2.0|g|mdma|mdma
3771815|1-ysnd2YXJ04|100|1.0|subscriber|info|other
461027|1-AyPeW9owNg|1|50.0|mg|fentanyl|opiate
1164566|1-nkU9X4sB5g|1|500.0|mg|heroin|opiate
839507|1-RTpn3VcpDY|1|500.0|g|weed|weed
1451263|1-js5B3FjmAX|1|1.0|g|mda|mdma
3984871|1-mRgeNNgPer|1|7.0|g|weed|weed
3869299|1-ZDFkUTtXb4|1|113.0|g|weed|weed
4426747|1-nYXhUl1RA2|1|500.0|mg|dichloropane|rc
2863688|1-hce5bbErVJ|1|1.0||forgery|other
2300564|1-oYiTGcsjl1|1|1.0||book|other
4507578|1-Lv2V89sKgn|1|1.0|firework|firework|other
820375|1-idY1Y1acs1|1|7.0|g|weed|weed
1744713|1-GTlvg3siea|1|3.5|g|weed|weed
2839574|1-ZuvJPDNX17|1|1.0||book|other
3511568|1-ppDzpJux9k|1|2.0|g|mephedrone|mdma
1482470|1-prNoTfRqrt|1|48.0|mg|ephedrine|stim
3019049|1-TShTVdeft2|1|2.0|g|ethylphenidate|stim
1927645|1-pwpzL5S7AT|100|200.0|mg|mdma|mdma
858597|1-n48xvgLJ4c|1|28.0|g|mdma|mdma
3874675|1-FoZh3eybV9|1|1.0||watch|other
4121357|1-FW0f6ZJhUT|1|10.0|g|mdma|mdma
20318|1-hFFm2DEBda|1|5.0|g|mdai|rc
303942|1-WDAwE53akW|1|8.0|gb|usb|other
1484346|1-ZhGnRYSD5E|1|3.5|g|meth|stim
2366680|1-NYXa5fykWr|25|425.0|ug|lsd|psy
4091680|1-CWYRWZJvWd|1|1.0||fake|other
2548213|1-dBzSxsGqAB|1|100.0|g|25c|psy
1667835|1-YamfmSxFV7|1|1.0||shipping|other
1378074|1-klx3KTFzKV|1|1.0||custom|other
4507861|1-XWB3ZK5UKS|||||other
933712|1-vkxq0GoUh2|1|1.0||pipe|other
4451778|1-XRSzd7UcDD|1|1.0||book|other
3320807|1-Nt7fTpxtGP|1|2.0|mg|klonazepam|benzo
1869053|1-qCtoieD3K3|1|1.0||book|other
1258261|1-Yt4FuquApz|1|300.0|mg|cocaine|stim
4344427|1-lPX8MEosU5|1|1.0|porn|porn|other
3635132|1-LUEhGBaW12|1|600.0|mg|primobolan|ped
4442927|1-BDuKYwc0Ec|1|100.0|g|spice|weed
4251796|1-EdLhG1ycrJ|1|1.0||book|other
4444170|1-FfzZUyF1ix|120|10.0|mg|zolpidem|misc
4447939|1-xPN0DTY4cf|||||other
3929361|1-leJhMKVVB8|50|100.0|mg|sildenafil|script
4615711|1-UPBANPAdmp|1|1.0||porn|other
1742357|1-GLKVRR9y66|1|1.0|g|heroin|opiate
2407579|1-dk6VgDk8hX|1|3.5|g|mdma|mdma
3370513|1-fW7y9c070M|25|2.0|mg|xanax|benzo
4629929|1-s8KYJLZJj1|1|1.0||book|other
1543905|1-GRKxBnYqGx|1|10.0|g|weed|weed
4521860|1-etd6rR3aSN|1|1.0||book|other
3977682|1-adgRebLWUt|200|200.0|mg|modafinil|stim
4149114|1-grxME5F5rm|1|1.0||book|other
3492193|1-MEXXRbZenb|1|1.0||book|other
3806803|1-GMZ78M6R59|1|1.0||book|other
319352|1-Zt1PFKwA2q|1|50.0|g|allylescaline|psy
1994938|1-eT07A6S5MB|100|1.0|tab|phentermine|stim
1120675|1-FJ47Z56EfG|1|150.0|g|mdma|mdma
118657|1-py0C3KxBWJ|1|28.0|g|ethylone|mdma
1680680|1-ezpNKTh1Dm|1|1.0||watch|other
1594014|1-Jcmknd7deR|1|75.0|mg|trenbolone|ped
1067453|1-h05P1vPaX2|50|1.0|bag|mylar|other
1034483|1-KuqjY01FtS|1|1000.0|g|ketamine|dissoc
936593|1-yG3vkiXShU|1|1.0|g|wax|weed
4212540|1-ddRRex9416|1|4.0|mg|hydromorphone|opiate
3005718|1-zza6E4LDpi|1|1.0||watch|other
4616028|1-xcfSjPuq64|1|1.0||book|other
4519985|1-as7ahi3WtG|1|5.0|g|weed|weed
2411287|1-jgdAbTexth|1|1.0||info|other
1600241|1-MXVulaoNDe|25|277.0|ug|lsd|psy
3541905|1-E5JBZVC1kK|1|1.0|g|weed|weed
169253|1-VCEeJ6XSXR|1|1.0||porn|other
2783990|1-PWCymlsvcD|50|140.0|mg|mdma|mdma
4603433|1-djfcKrqiz2|1|1.0||book|other
2040762|1-lTDRb6Jahg|1|1.0|oz|weed|weed
4457059|1-P2vDrpeXBP|1|100.0|mg|trenbolone|ped
2605599|1-yXqyjaPYzv|1|100.0|mg|masteron|ped
491639|1-uUT18fyBvB|100|150.0|mg|tramadol|opiate
2367727|1-ZbzSyDBk6s|1|2.0|g|mdma|mdma
351717|1-dpB1KyAY5D|1|3.0|g|mushrooms|psy
3159071|1-V6a2pTjidP|1|100.0|g|cialis|script
303452|1-bSBJMZsLLR|1|1.0||test|other
4620806|1-WPcoY64GrY|1|2.0|g|weed|weed
3805818|1-hl6h5tznAN|1|1.0||book|other
2527334|1-zNaPffv32c|1|500.0|mg|acetylfentanyl|opiate
2701773|1-avK5f3Abug|1|1.0||porn|other
645116|1-nSaFgLwUka|1|1.0||book|other
3873978|1-PGCybfMTpd|10|15.0|mg|sibutramine|ped
1854580|1-yVdphUfKlG|1|1.0||book|other
3833151|1-Wi3l4jXrmR|100|20.0|mg|sibutramine|ped
2954551|1-YhyU40Vcmz|1|100.0|g|drostanolone propionate|ped
3624350|1-FUpY7zzfc5|1|10.0|g|mdma|mdma
3715786|1-AYjS8bjkmP|1|10.0|mg|codeine|opiate
1736106|1-wAayldSFVt|1|1.0|g|weed|weed
983965|1-EnMPB6Z2Rx|1|1.0||book|other
1962728|1-f4SjNBulY5|1|1000.0|mg|drostanolone propionate|ped
3359996|1-ZDqVeg1SZ1|1|1.0||watch|other
2937112|1-rxba8yjK2j|1|1.0||book|other
3445789|1-s6h5yaDojE|1|5.0|g|weed|weed
2141167|1-YEcCRU7ZwU|1|50.0|g|amphetamine|stim
1201672|1-qXRaBYVsX0|1|1.0||book|other
1477415|1-gE69klUkxy|1|1.0||book|other
1275383|1-TraxW4xvD4|1|1.0||book|other
3571595|1-ctasRpgpFr|1|10.0|g|weed|weed
2419230|1-EBecuwi2r9|1|1.0||book|other
1774699|1-at6m0wg8VY|1|1.0|g|oil|weed
3248828|1-aJYRT3Wz9d|1|14.0|g|cocaine|stim
4379816|1-gyuThFenww|1|1.0||digital|other
1184797|1-SsBLXxi76Z|1|1.0|g|heroin|opiate
1185659|1-F4TPBmKoqA|1|1.0||paraphernalia|other
3763140|1-MB2wLYbPZT|1|1.0||porn|other
1741871|1-bnTy3n2euW|100|220.0|mg|mdma|mdma
3711676|1-VTWdl04M8m|1|2.0|g|heroin|opiate
2197367|1-j8EbsXRZyU|1|1.0||book|other
2395747|1-eabEeYKRMl|1|1.0||hotel|other
4347407|1-E2AKFAWEnM|1|1.0||book|other
2751884|1-hNwk4Ys26i|1|375.0|mg|enanthate|ped
4159752|1-FWV4ryJqfR|1|200.0|ug|lsd|psy
1414879|1-R7XwhlgYyJ|300|1.2|mg|25i|psy
4346594|1-U6X40mS818|1000|1.0||followers|other
1874783|1-zq1sT860op|1|10.0|g|meth|stim
1269070|1-zEb2UadcYJ|100|130.0|mg|mdma|mdma
2777752|1-d1aFaF2VnU|1|1.0|g|mephedrone|mdma
1331978|1-NSaiyb1Dmq|1|15.0|mg|meloxicam|script
1206084|1-Agt8eAjh8m|1|5.0|g|cocaine|stim
3284351|1-Ukq2tEi9a9|10|240.0|mg|mdma|mdma
1982692|1-qv6BrBCcvr|1|1.0||book|other
3609783|1-b7LnFuo23p|10|100.0|mg|viagra|script
160572|1-PZfpSbM87n|1|1.0||id|other
2853548|1-eMd577B08G|1|5.0|g|modafinil|stim
4576723|1-Ei68tP4deR|1|1.0||book|other
3762253|1-xwuCr0llze|1|1.0||porn|other
3605788|1-FUUFqrxksz||||watch|other
783022|1-dNv5a0V9c9||||lsd|psy
4084759|1-fAfMaov2Vc||||watch|other
308157|1-CiELP0xpg1||||mdma|mdma
2963366|1-swl2Rehq8i||||mdma|mdma
70440|1-X9yqMThZ5d||||xanax|benzo
974918|1-vC3xFyM2NP||||amphetamine|stim
1120272|1-jtrejgiZlC||||id|other
2044321|1-VB5eLe6vJt||||id|other
2931122|1-lGcT3Gyt1U||||guide|other
6846|1-GxrCySsMVz||||cigarettes|misc
4115740|1-R8g8lLcWuM||||oil|weed
1572181|1-lpSE32Z8sC||||noopept|script
302344|1-F1dqgi822U||||amphetamine|stim
3494502|1-m5FLKX2pcR||||mdma|mdma
957016|1-gBvmah76FS||||2c|psy
4530981|1-j0TescmVnJ||||dmt|psy
1622645|1-iZLl8sKB54||||lsd|psy
1245612|1-ML2hej8lS0||||lsd|psy
331207|1-CEbv3YsbV9||||mdma|mdma
3456311|1-eTMtzzS7sv||||mdma|mdma
2966404|1-jgYCWw5oW0||||boldebolin|ped
2531257|1-TLGy67VvrP||||anavar|ped
2798976|1-ufG6oABn4Y||||watch|other
1760779|1-cvsomuGPGi||||cocaine|stim
3234877|1-WJlFMrsa0p||||cannabis|weed
3990158|1-JVsFPt6alM||||weed|weed
4432947|1-GvcJ4WwqDq||||viagra|script
483277|1-SqW15yueqp||||propionate|ped
1794768|1-gioSkWPRrc||||weed|weed
1725498|1-jw8d71XE84||||fentanyl|opiate
2607185|1-AABjJk1DMk||||fake|other
16678|1-nUk33AoxD9||||mdma|mdma
175255|1-eGr1tKoqED||||guide|other
69078|1-snNy6dsGKK||||guide|other
1820773|1-SFBgrRWJPv||||oxycodone|opiate
3723053|1-dVbqaGWa9k||||cash|other
1581391|1-VMo8Gri7gk||||weed|weed
3564611|1-kBCUFgSyrE||||guide|other
2380985|1-cBtluojm6m||||benzac|script
3326747|1-oGBmRJFcfK||||guide|other
3344944|1-a78dy9onRE||||hash|weed
559292|1-lXzJ4WZWwh||||id|other
3210533|1-qrZzZEWBsT||||weed|weed
4278926|1-wNZ0pR9ca4||||mdppp|rc
811712|1-XpmjztaisN||||oxycodone|opiate
3829657|1-fJUKid5TR2||||pvt|rc
3095985|1-JzSN7lREK0||||mdma|mdma
1778008|1-bz4ZhaSdJ3||||book|other
1916495|1-tkgNZs95Nn||||guide|other
4320214|1-kU6XmcPi1g||||cocaine|stim
2209610|1-JPJkdsCizy||||cocaine|stim
864221|1-k0ycw9MCwJ||||opium|opiate
2429228|1-LN6sbeoxLL||||book|other
1940696|1-CvP6MSt7KE||||mdma|mdma
3217630|1-S9hjTviZfZ||||valium|benzo
1588233|1-ddFw0jYUp9||||guide|other
4062036|1-nXusXeYNoW||||guide|other
1391554|1-UB4eChWVqp||||speed|stim
297997|1-hBg8uFXL1R||||speed|stim
745152|1-i3JcLF7wXz||||oxycodone|opiate
387947|1-aDkor0paJC||||guide|other
4000210|1-gysZtlzrz7||||book|other
4172106|1-u8r38vFAV6||||digital|other
387835|1-rBtg97eMCo||||book|other
3392898|1-N0oVcpVLre||||porn|other
2283733|1-quvARYJVGF||||silagra|script
143961|1-wi8CNBrtcP||||custom|other
1377630|1-kr8z7CKXE8||||weed|weed
3394674|1-fGtl2MJjAe||||fake|other
3937693|1-xwdSUMkfa8||||mdma|mdma
2343247|1-B2fJMKyTob||||book|other
4312374|1-feUboMN6om||||25|psy
1046889|1-U46U9skqBv||||hash|weed
1673521|1-LFGV5dCfWY||||guide|other
1201032|1-Vs0l2jRM1D||||masteron|ped
1902755|1-TMSUADE38q||||adderall|stim
913660|1-qze24sKPeu||||weed|weed
1500756|1-YWEZM59w5c||||mdma|mdma
2321098|1-A1aGvcY2pj||||hash|weed
4101057|1-RCloPEjfyU||||weed|weed
3522148|1-TCEaPmtmFG||||oxandrolone|ped
2927246|1-oxFLrTCGNl||||cocaine|stim
3138003|1-Ex9wYL79UY||||guide|other
605190|1-z0DGFPUZd6||||cannabis|weed
314345|1-yMy3qcTUeU||||cocaine|stim
2038908|1-biCzd9PftX||||weed|weed
3208555|1-ssqgEl2Jh2||||guide|other
1011713|1-Y4m01qLGEL||||ativan|benzo
2365852|1-K54701MDPi||||hgh|ped
3971236|1-SdnPDMbZvo||||speed|stim
2609031|1-uv88uW8zmf||||zolpidem|misc
1228331|1-rKvpvPKWte||||fentanyl|opiate
2452960|1-tgREZtkdmf||||hash|weed
2211617|1-qZ3XxAAwzb||||xanax|benzo
310680|1-xxx1BGRNpP||||adderall|stim
1144983|1-UyLYtnJcd5||||pipe|other
318449|1-VkdTAP4PRg||||guide|other
2613351|1-zCeRTcBzJ1||||anastrozole|script
4037741|1-r7szWURJuu||||fake|other
1060906|1-tv4ju6X6lt||||ketamine|dissoc
2105312|1-cnJU1XcRso||||ketamine|dissoc
3276606|1-iM01g7m1qW||||ketamine|dissoc
3337496|1-lEWD8i3yz5||||ketamine|dissoc
3449112|1-uZZCjmK3V3||||ketamine|dissoc
3754147|1-NcnoA5MfmR||||ketamine|dissoc
4021960|1-pd7GTburez||||ketamine|dissoc
507097|1-EMugofuFR7||||ketamine|dissoc
1487722|1-mK1pP7gfGB||||ketamine|dissoc
2006502|1-fWyEAAfAZ5||||ketamine|dissoc
